﻿<?xml version="1.0" encoding="UTF-8"?>
<!DOCTYPE paises SYSTEM "paises.dtd">
<paises>
    <pais id="esp">
        <nombre>España</nombre>
        <continente>Europa</continente>
        <capital>Madrid</capital>
        <superficie>10km2</superficie>
        <poblacion>10 personas</poblacion>
        <ciudades>
            <ciudad>Madrid</ciudad>
            <ciudad>Barcelona</ciudad>
        </ciudades>
        <lenguas>
            <lengua>Español</lengua>
            <lengua>Catalan</lengua>
            <lengua>Euskera</lengua>
        </lenguas>
        <religiones>
            <religion>Catolica</religion>
            <religion>Judaismo</religion>
        </religiones>
        <moneda>Euro</moneda>
        <gobierno>Ladrones</gobierno>
    </pais>
</paises>